12, 17.474063932895668, 6.474227358701055E-11 
12, 18.631524682044994, 3.5998659135578366E-11 
12, 16.868429660797126, 3.630708245644782E-11 
12, 18.587459504604347, 6.465770886676444E-11 
12, 18.92374408245087, 4.8254057326584216E-11 
12, 27.19720071554185, 6.245773850992866E-11 
12, 24.315225303173072, 5.028512457803372E-11 
12, 20.59291505813599, 4.436130196198248E-11 
12, 27.48119562864305, 7.018307035229157E-11 
12, 23.372410416603092, 3.519731207749932E-11 
12, 27.455435514450084, 7.380769508624227E-11 
12, 25.406986355781566, 5.532730842424962E-11 
12, 20.007239103317268, 5.509407156636094E-11 
12, 23.96561270952226, 5.568293092450149E-11 
12, 21.881805241107948, 3.0042459086420436E-11 
12, 18.257503569126136, 6.109707109356176E-11 
12, 26.06824219226838, 4.106308461394404E-11 
12, 21.639967679977424, 6.26448442582635E-11 
12, 19.34566295146943, 5.20531769632874E-11 
12, 26.088551700115218, 5.371423728916832E-11 
24, 13.281782805919653, 7.294525101102182E-11 
24, 11.940339565277105, 1.166717688167244E-10 
24, 11.089084565639501, 1.1953770622832965E-10 
24, 9.653871834278108, 9.318007930773274E-11 
24, 11.571918725967409, 1.1068083631629668E-10 
24, 9.84761589765549, 1.437679152090074E-10 
24, 10.870603740215305, 1.2010312139204193E-10 
24, 13.154434204101564, 1.400393414543406E-10 
24, 10.392771720886232, 1.0784059689914624E-10 
24, 10.920212209224704, 8.045763456653706E-11 
24, 10.4061348438263, 1.0565936489595128E-10 
24, 10.072552263736727, 1.1283562593614135E-10 
24, 11.070316910743719, 9.069515587455147E-11 
24, 12.959428906440737, 1.2241990160627489E-10 
24, 10.641964733600622, 9.758380742751715E-11 
24, 11.471082031726842, 8.901266110779663E-11 
24, 7.673469662666324, 1.0393651737680021E-10 
24, 12.048202693462379, 1.322495702675288E-10 
24, 9.636727333068853, 1.1182673237776565E-10 
24, 9.788581609725957, 1.22965091632429E-10 
36, 6.819653332233426, 2.068643410193537E-10 
36, 7.2559441328048715, 2.168923619885436E-10 
36, 7.428896725177764, 1.8888811833528967E-10 
36, 8.237307488918303, 2.661096518357984E-10 
36, 8.1090332865715, 2.4755702320021453E-10 
36, 7.524542689323426, 1.5116019911433967E-10 
36, 6.590763926506041, 1.744166396047332E-10 
36, 7.550639867782592, 1.4224011991456223E-10 
36, 7.856571197509764, 1.6715832700702733E-10 
36, 7.434393703937531, 1.918581429824089E-10 
36, 7.868189692497252, 1.9228246863391884E-10 
36, 6.790784180164338, 1.7370165197353743E-10 
36, 6.092239320278167, 1.9091361453251732E-10 
36, 8.38153386116028, 2.571866718769967E-10 
36, 6.845852315425873, 1.3794366243607762E-10 
36, 6.698780894279478, 2.037071297519035E-10 
36, 7.910933256149291, 1.939212758010935E-10 
36, 7.813960075378414, 1.9821649802778727E-10 
36, 7.550171077251434, 1.7615010888871708E-10 
36, 7.07116001844406, 1.9598261499531955E-10 
48, 5.434622585773468, 3.408993906049797E-10 
48, 4.821837127208711, 2.468963464347919E-10 
48, 5.24362909793854, 3.529259298594273E-10 
48, 5.520620107650761, 3.4160601099191723E-10 
48, 5.280032038688661, 3.294885842447201E-10 
48, 5.539214551448825, 3.062059165135044E-10 
48, 5.811763107776644, 2.991001135742924E-10 
48, 5.445731282234193, 2.5304831621005275E-10 
48, 5.329266726970674, 3.8367010517361377E-10 
48, 5.468554437160494, 3.064257089951456E-10 
48, 4.969132900238038, 2.916046089155812E-10 
48, 5.650242209434511, 2.8194039767020164E-10 
48, 4.889541208744051, 3.212835009387375E-10 
48, 5.603781402111055, 3.01193135711148E-10 
48, 4.701084196567538, 3.18166844984023E-10 
48, 4.9921880364418065, 2.766522054841448E-10 
48, 5.83844077587128, 3.523441021504306E-10 
48, 5.365328609943392, 3.1001332701683396E-10 
48, 5.258002460002902, 3.179913239682837E-10 
48, 5.174213707447052, 3.4736321463219794E-10 
60, 4.546329021453857, 2.408948370346762E-10 
60, 4.5699459314346305, 2.3104972856238667E-10 
60, 4.273230373859404, 2.714483400434824E-10 
60, 4.767300844192506, 2.463488463808228E-10 
60, 4.809503257274627, 2.4543767130883697E-10 
60, 4.372635066509243, 2.495546878538012E-10 
60, 4.311059951782225, 2.7159676091400135E-10 
60, 3.6875435113906865, 2.0761640063151044E-10 
60, 4.428588092327116, 2.4446375545322335E-10 
60, 4.312877297401429, 2.521981318820533E-10 
60, 4.143745779991148, 2.2875282598101634E-10 
60, 4.009741723537444, 2.6620193787383587E-10 
60, 4.30351549386978, 2.3934986145907826E-10 
60, 4.590470612049101, 2.4847832411230827E-10 
60, 4.2013198137283325, 2.375466236307735E-10 
60, 3.8537613749504076, 2.8786272857602805E-10 
60, 3.7899379730224583, 2.307139302939273E-10 
60, 4.37217140197754, 2.2942949380216795E-10 
60, 4.614935219287871, 2.828264079084843E-10 
60, 4.27732354402542, 2.44557369994492E-10 
72, 3.909795880317689, 2.18055695282756E-10 
72, 3.9316126704216017, 2.093510332882695E-10 
72, 4.167350411415101, 1.9297567363318455E-10 
72, 3.3656764030456543, 2.249312465632309E-10 
72, 3.9366962313652047, 2.0650482974175092E-10 
72, 4.230037212371828, 2.409242633326084E-10 
72, 4.285566031932833, 2.394176762446734E-10 
72, 3.975175619125368, 2.598293735393874E-10 
72, 3.9430451989173902, 2.3167959300090267E-10 
72, 3.9759320616722116, 2.2624209475313587E-10 
72, 4.032581925392152, 2.3175700823807857E-10 
72, 3.8098474144935612, 2.1548470611262248E-10 
72, 4.112496912479402, 2.4401387553322535E-10 
72, 3.7981098890304583, 2.433617272928519E-10 
72, 3.319734334945679, 2.374998805426023E-10 
72, 3.5936340093612684, 2.4069557392292874E-10 
72, 3.8685118556022666, 2.4469093719242705E-10 
72, 3.5781021714210524, 2.1320200345432494E-10 
72, 3.9570488333702096, 2.554141728972846E-10 
72, 3.8019121289253253, 2.362045965522284E-10 
96, 2.6607953310012817, 3.1863484849646116E-10 
96, 2.7748063802719134, 3.076530069402645E-10 
96, 2.84764474630356, 3.1285016569589973E-10 
96, 2.642745971679689, 2.715571049949065E-10 
96, 2.7593697905540466, 2.937975898319393E-10 
96, 2.8661037087440486, 3.077674207277836E-10 
96, 3.024676442146302, 3.0712985959940077E-10 
96, 2.783925712108612, 2.9391238629960543E-10 
96, 2.7123525142669695, 2.974988530886804E-10 
96, 2.617911159992218, 3.0540478100490956E-10 
96, 2.860279738903046, 3.1941481621102647E-10 
96, 2.6626410484313974, 3.620193602799917E-10 
96, 2.7621628642082214, 3.23833702231323E-10 
96, 2.7393770217895517, 2.9644505429891603E-10 
96, 2.7266557812690744, 3.3068275266417917E-10 
96, 2.946535766124727, 3.025627841721971E-10 
96, 2.994127154350281, 3.0442470932757445E-10 
96, 2.6091327667236333, 3.363234347523661E-10 
96, 2.5602902770042415, 3.0610096096668586E-10 
96, 2.7386912703514112, 3.2177403024989326E-10 
108, 2.5763550996780413, 5.033131267482014E-10 
108, 2.4941915869712843, 5.533217347968366E-10 
108, 2.383332014083863, 4.859133162723544E-10 
108, 2.2465186119079594, 4.861862210457084E-10 
108, 2.4305509328842163, 4.81311281115664E-10 
108, 2.301382660865784, 4.958277987150646E-10 
108, 2.6880267262458797, 4.792578952115343E-10 
108, 2.4787383079528813, 4.779699849957751E-10 
108, 2.4145822525024414, 4.974353224135867E-10 
108, 2.40855222940445, 4.961443390695612E-10 
108, 2.273037433624269, 4.20439595669044E-10 
108, 2.4091537594795227, 4.990219108612322E-10 
108, 2.3012421131134038, 5.091562079703647E-10 
108, 2.3442506790161137, 5.243848162162764E-10 
108, 2.4256991744041456, 5.147146845126821E-10 
108, 2.2284765243530287, 4.837761820751864E-10 
108, 2.45750504732132, 5.016318032114408E-10 
108, 2.5229294300079346, 4.644943345320728E-10 
108, 2.311810076236725, 4.6510733221798194E-10 
108, 2.567900121212006, 5.397240585351122E-10 
120, 2.0055578947067256, 4.3734277306430396E-10 
120, 2.3463587164878845, 4.688989393256437E-10 
120, 2.13274323940277, 5.135245674120024E-10 
120, 2.2200928330421434, 4.491418843678089E-10 
120, 2.204547882080078, 4.379655046855867E-10 
120, 2.3716518878936763, 4.136700864129924E-10 
120, 1.8896105885505678, 4.468412561606628E-10 
120, 2.0717504024505615, 3.8814411385732246E-10 
120, 2.109334528446196, 4.378980970925025E-10 
120, 2.172160625457763, 4.037875397948123E-10 
120, 2.2649862766265865, 4.4600332699821564E-10 
120, 2.2317807674407955, 4.40376176761172E-10 
120, 2.1656704545021044, 4.2787747098576574E-10 
120, 2.53322434425354, 4.5224853500794083E-10 
120, 2.042381882667542, 4.942975086211743E-10 
120, 2.34840589761734, 4.611997767659605E-10 
120, 2.0031301975250235, 4.108481732083706E-10 
120, 2.223321259021759, 4.927975673787778E-10 
120, 2.248808860778809, 4.672879524601584E-10 
120, 2.246901929378509, 3.9960181183106794E-10 
144, 1.8036640882492063, 5.99632627290024E-10 
144, 1.9027915000915523, 6.001427371206369E-10 
144, 1.7827730178833008, 5.808098087113778E-10 
144, 1.837509691715241, 4.978569762506956E-10 
144, 1.7388900518417356, 6.107160200189723E-10 
144, 1.7787619233131418, 6.048150950341741E-10 
144, 1.8482123613357544, 5.371143329614332E-10 
144, 1.841627418994904, 5.650968055185095E-10 
144, 1.7857012748718266, 5.57328727187495E-10 
144, 1.9120019674301145, 5.386785081994534E-10 
144, 1.773516833782196, 5.149508588922615E-10 
144, 1.9577397704124455, 6.150095345104631E-10 
144, 1.702633082866668, 5.39999972292065E-10 
144, 1.98973035812378, 5.276718343700226E-10 
144, 1.844421029090881, 6.20089177314317E-10 
144, 1.8832854628562927, 5.744432987920556E-10 
144, 1.7298353314399721, 6.220043841743732E-10 
144, 1.9524744749069205, 5.872866373153912E-10 
144, 1.9652255177497868, 6.184140090488361E-10 
144, 1.7921246290206903, 6.152841807393826E-10 
180, 1.370598077774047, 5.746808596083255E-10 
180, 1.4606028795242325, 6.004769506824623E-10 
180, 1.4715115427970895, 5.872297937176453E-10 
180, 1.6255401968956, 5.670193875738896E-10 
180, 1.527877748012543, 5.213439984015661E-10 
180, 1.4418064951896667, 5.211602260268084E-10 
180, 1.418956339359283, 5.120428829574186E-10 
180, 1.523213863372802, 5.651030506519349E-10 
180, 1.4843826889991767, 5.481940499668806E-10 
180, 1.505818486213684, 5.203252857871315E-10 
180, 1.4056447744369505, 5.55483076548133E-10 
180, 1.4061532020568845, 5.672838474835234E-10 
180, 1.409385859966279, 5.76145588903629E-10 
180, 1.381385028362274, 6.085142756615886E-10 
180, 1.4877478480339055, 5.837195162258578E-10 
180, 1.4504030942916877, 5.088112190550209E-10 
180, 1.558058083057404, 5.897159893734388E-10 
180, 1.4047965407371532, 5.627584152968254E-10 
180, 1.538032948970795, 5.41579725829341E-10 
180, 1.4445272088050831, 6.076777005153636E-10 
192, 1.3774885535240167, 6.623157504140749E-10 
192, 1.388771593570709, 6.054594077767204E-10 
192, 1.285442233085633, 6.252944253234605E-10 
192, 1.3667589426040656, 5.869499223044469E-10 
192, 1.3909354209899902, 6.373640448578792E-10 
192, 1.3972253203392038, 6.118808046267456E-10 
192, 1.3712832331657412, 5.878041918811025E-10 
192, 1.3625216484069822, 6.137610464540156E-10 
192, 1.2338290810585029, 7.087094930951264E-10 
192, 1.3583546280860912, 6.978969947020418E-10 
192, 1.4691495299339299, 6.232445079847368E-10 
192, 1.3470211029052748, 6.077776534706132E-10 
192, 1.4623281955718999, 6.34079694102449E-10 
192, 1.3674508333206186, 6.156851223059374E-10 
192, 1.3963804841041574, 5.80864105367167E-10 
192, 1.383449137210847, 6.784825718355927E-10 
192, 1.3661720752716064, 6.030457985471748E-10 
192, 1.3300328254699707, 6.318220527416001E-10 
192, 1.2819405198097225, 6.052485829179946E-10 
192, 1.4658548235893258, 6.313524494213482E-10 
216, 1.185257911682129, 6.953924773137314E-10 
216, 1.2598552107810985, 7.007098164429326E-10 
216, 1.2635155320167555, 7.167869943423227E-10 
216, 1.175333917140961, 6.952160241793075E-10 
216, 1.2051605582237253, 6.710522903280789E-10 
216, 1.1819130182266238, 6.496689970721289E-10 
216, 1.2316752672195432, 6.753134427373336E-10 
216, 1.1856551766395573, 7.167410636758509E-10 
216, 1.2588370442390433, 6.800053201445248E-10 
216, 1.3359907269477853, 7.108451010558979E-10 
216, 1.1942395567893984, 6.619663563994954E-10 
216, 1.1867209672927854, 7.206723410447559E-10 
216, 1.3086093068122855, 7.313060905891962E-10 
216, 1.1586940884590151, 6.781173018299961E-10 
216, 1.1668550372123716, 7.39434333813404E-10 
216, 1.2322478890419009, 7.276879668495701E-10 
216, 1.2537241578102118, 6.83316480774566E-10 
216, 1.197422981262207, 7.509393267559406E-10 
216, 1.1696668267250063, 6.556879621254961E-10 
216, 1.1823916435241697, 6.499549135164661E-10 
240, 1.1205759644508357, 8.370267014242397E-10 
240, 1.108148634433746, 8.580606647037821E-10 
240, 1.1470764875411987, 8.329978405750408E-10 
240, 1.0813089609146114, 8.743548042326626E-10 
240, 1.0335315465927122, 8.073906569681742E-10 
240, 1.1005114912986764, 8.797916051847368E-10 
240, 1.0326713323593133, 8.257703088897623E-10 
240, 1.0975185632705686, 8.692365447175254E-10 
240, 1.0667067170143123, 8.84268317604102E-10 
240, 1.1167251467704773, 8.142776732537979E-10 
240, 1.1172139048576353, 9.034574496511098E-10 
240, 1.1009799242019653, 8.263104936235916E-10 
240, 1.1305329203605643, 9.018927168931962E-10 
240, 1.1265261769294743, 8.145927047848669E-10 
240, 1.1171016693115237, 8.968561160617859E-10 
240, 1.04131931066513, 8.113749524663815E-10 
240, 1.0734884142875671, 8.597341044647795E-10 
240, 1.038747549057007, 8.393728494179077E-10 
240, 1.1119073629379268, 8.390869787957331E-10 
240, 1.1728496551513665, 8.780834578592848E-10 
288, 0.9520639777183533, 8.825536071985205E-10 
288, 0.9362729787826537, 8.728567059830479E-10 
288, 0.9210051894187925, 8.651924039979194E-10 
288, 0.9705932736396795, 8.912380049957442E-10 
288, 0.9575970172882079, 9.101787077229534E-10 
288, 0.9226225018501286, 9.070876815514746E-10 
288, 0.9189890027046199, 8.921360614409286E-10 
288, 0.9835054874420166, 8.190073715100873E-10 
288, 0.9846670627594, 9.065931138484679E-10 
288, 0.8942601084709171, 9.050053445005638E-10 
288, 0.916659593582153, 8.830832704459835E-10 
288, 0.8968533277511598, 8.93937892133772E-10 
288, 0.9389781951904305, 8.970587037290745E-10 
288, 0.9555028676986695, 8.457318350922127E-10 
288, 0.8884720206260682, 9.261225826848588E-10 
288, 0.9356926679611204, 8.73500375357323E-10 
288, 0.9037483930587766, 9.375385534523297E-10 
288, 0.89693558216095, 9.407517833692892E-10 
288, 0.9213481545448304, 9.282139332612074E-10 
288, 0.9671530723571777, 8.722331760338195E-10 
300, 0.918830394744873, 9.26540822333401E-10 
300, 0.8509227037429812, 9.23130262559153E-10 
300, 0.8400619029998773, 9.472047852349254E-10 
300, 0.9016629457473753, 9.001972480516046E-10 
300, 0.8397833108901979, 9.666594538714485E-10 
300, 0.9334869980812067, 9.345003464784296E-10 
300, 0.8524346351623538, 9.868542308500106E-10 
300, 0.8932093977928159, 8.852948876705525E-10 
300, 0.906459867954254, 8.894408819835597E-10 
300, 0.8787802457809445, 9.201479196739066E-10 
300, 0.8517604470252991, 9.37893687879859E-10 
300, 0.8837852478027335, 9.546625563063523E-10 
300, 0.8822764754295342, 9.207574999967418E-10 
300, 0.9095753431320183, 9.745296810310334E-10 
300, 0.8664780259132382, 9.425735711187727E-10 
300, 0.8911136388778683, 8.80271583681514E-10 
300, 0.8218727111816403, 9.093680907616714E-10 
300, 0.8901335000991815, 9.627664020136118E-10 
300, 0.8919593691825871, 1.0036263455645652E-9 
300, 0.9010012745857232, 9.832134790552187E-10 
324, 0.8277538418769835, 9.644783838207708E-10 
324, 0.8421077132225037, 1.0452305217259016E-9 
324, 0.8487330079078669, 1.0038360999741458E-9 
324, 0.804672479629516, 1.0073302123063342E-9 
324, 0.8399539589881891, 9.714498113190919E-10 
324, 0.8079218268394471, 9.672017276633576E-10 
324, 0.8161628842353823, 1.053141429676544E-9 
324, 0.7930799722671504, 1.008201783907946E-9 
324, 0.8292317986488339, 1.0721623787467293E-9 
324, 0.8007751703262335, 9.8889865078527E-10 
324, 0.837925136089325, 9.941230844304333E-10 
324, 0.7906175851821896, 9.915789681141742E-10 
324, 0.8266664743423462, 9.952208176347266E-10 
324, 0.8078304529190062, 1.0448382484211074E-9 
324, 0.8280589580535896, 1.0268250210533769E-9 
324, 0.8031573891639711, 9.811367642552574E-10 
324, 0.8044984340667728, 9.75316690141886E-10 
324, 0.8076294660568241, 9.49637400857234E-10 
324, 0.8087826371192932, 9.18646700946264E-10 
324, 0.7975470423698425, 1.0478966512999735E-9 
360, 0.7578351497650146, 1.2482281313077838E-9 
360, 0.7437146306037903, 1.223872551072552E-9 
360, 0.7171894907951355, 1.1851181890690923E-9 
360, 0.7651131749153134, 1.1593711993787124E-9 
360, 0.7295034527778624, 1.1195671441856656E-9 
360, 0.7252222299575809, 1.291552116819703E-9 
360, 0.7500443458557124, 1.1925546856473731E-9 
360, 0.7251785993576048, 1.1069976308802957E-9 
360, 0.7741643190383906, 1.2860339459532118E-9 
360, 0.718188703060151, 1.1328267811406178E-9 
360, 0.7129168510437007, 1.1570926450654255E-9 
360, 0.7361786961555489, 1.1404864491414889E-9 
360, 0.731047868728638, 1.2343704947817951E-9 
360, 0.7457872033119209, 1.1721359848017635E-9 
360, 0.7150000333786015, 1.2130129087082674E-9 
360, 0.719509363174439, 1.2704488484955518E-9 
360, 0.7124543786048894, 1.1651157668340322E-9 
360, 0.710066974163056, 1.2608113855212017E-9 
360, 0.7347728013992312, 1.132445066881316E-9 
360, 0.753528118133545, 1.1506345185880882E-9 
384, 0.6915495395660403, 1.1346013467772466E-9 
384, 0.6970606446266177, 1.2837212405843067E-9 
384, 0.6859347820281982, 1.1999166626173262E-9 
384, 0.6807421445846561, 1.255057423548862E-9 
384, 0.6451303958892826, 1.205004956922428E-9 
384, 0.6799618005752569, 1.2194526886633075E-9 
384, 0.6744760274887089, 1.2494068992928832E-9 
384, 0.6504550576210024, 1.2100559757257875E-9 
384, 0.6780889630317702, 1.2272421738669032E-9 
384, 0.6836863756179812, 1.1884183754788871E-9 
384, 0.708935141563416, 1.1628149115611276E-9 
384, 0.6666330695152282, 1.2146175443501878E-9 
384, 0.6540659666061402, 1.212611712068288E-9 
384, 0.7016252875328066, 1.176607057822186E-9 
384, 0.6774464845657352, 1.2312704633922288E-9 
384, 0.7050206661224366, 1.1844325407992413E-9 
384, 0.678016304969788, 1.2300670077651977E-9 
384, 0.6855069994926454, 1.2375500084272912E-9 
384, 0.6984276771545416, 1.1975172212743638E-9 
384, 0.7003838419914246, 1.1618907856764454E-9 
432, 0.6022605299949647, 1.3262895626378143E-9 
432, 0.6403673887252809, 1.392683760673839E-9 
432, 0.6376793980598451, 1.2743000137392198E-9 
432, 0.6475464701652522, 1.4211724977944463E-9 
432, 0.6208270788192748, 1.4032973686048521E-9 
432, 0.5909209251403807, 1.3030943833931166E-9 
432, 0.600078880786896, 1.347224363615439E-9 
432, 0.6016411185264592, 1.3308903082307608E-9 
432, 0.6482059955596926, 1.4423232641070126E-9 
432, 0.6022155284881593, 1.3572024782314495E-9 
432, 0.599949300289154, 1.3065593649900511E-9 
432, 0.5755202174186704, 1.29675505877717E-9 
432, 0.6050016283988947, 1.3973306807289933E-9 
432, 0.6300601363182069, 1.3477789820001164E-9 
432, 0.6167675852775577, 1.2932734283752727E-9 
432, 0.6169840097427365, 1.3816153065063864E-9 
432, 0.6231172084808347, 1.4066475710174855E-9 
432, 0.6078146100044249, 1.325301983418587E-9 
432, 0.6247547864913938, 1.3213652111702371E-9 
432, 0.6075645089149474, 1.3630084581143876E-9 
480, 0.5454095005989071, 1.61594673699037E-9 
480, 0.5385015010833738, 1.5983158590296306E-9 
480, 0.55210942029953, 1.5618881944477682E-9 
480, 0.5295032262802128, 1.630451596287067E-9 
480, 0.553529381752014, 1.5335631263272485E-9 
480, 0.5557296276092525, 1.5774942650447471E-9 
480, 0.5462486147880553, 1.6174881885976635E-9 
480, 0.5540231466293338, 1.5119862329345496E-9 
480, 0.5495634675025942, 1.5639291168669775E-9 
480, 0.5409613251686098, 1.639673730325976E-9 
480, 0.5591395497322081, 1.5618582697946284E-9 
480, 0.5716712474822999, 1.5240626316111643E-9 
480, 0.5500316619873051, 1.6294735751580544E-9 
480, 0.5223262310028072, 1.529135856443961E-9 
480, 0.5624237656593324, 1.584432527035919E-9 
480, 0.5713352560997005, 1.598855255343616E-9 
480, 0.55442476272583, 1.6586179269739958E-9 
480, 0.5457743406295776, 1.578054972894789E-9 
480, 0.5607415437698368, 1.5791006559998655E-9 
480, 0.5148380398750305, 1.6658772600075712E-9 
540, 0.4826123118400572, 1.7446149367914925E-9 
540, 0.4872980117797851, 1.670825223198473E-9 
540, 0.49727916717529336, 1.703010748868256E-9 
540, 0.4810044765472409, 1.6703535685189169E-9 
540, 0.49848264455795305, 1.6631569578771685E-9 
540, 0.47124207019805936, 1.6621558375966816E-9 
540, 0.5064900517463684, 1.6005221086581775E-9 
540, 0.47560256719589283, 1.670658215008731E-9 
540, 0.5014831423759464, 1.6248242603519405E-9 
540, 0.4889252185821532, 1.576589462786616E-9 
540, 0.4900971651077271, 1.7753424088401683E-9 
540, 0.4788224697113034, 1.630280264464781E-9 
540, 0.48147851228714017, 1.761961047160725E-9 
540, 0.4982540011405947, 1.7446132707643456E-9 
540, 0.4719430208206179, 1.6559502751269374E-9 
540, 0.4832459092140197, 1.6954052283591612E-9 
540, 0.48947286605834983, 1.7365922063607463E-9 
540, 0.48598688840866083, 1.6977913914278672E-9 
540, 0.4632481336593625, 1.666623348430504E-9 
540, 0.48133772611618086, 1.6757572022773274E-9 
576, 0.47016578912734974, 1.9237182564213972E-9 
576, 0.4525246620178228, 1.866686810301552E-9 
576, 0.4623511433601383, 1.912065186100832E-9 
576, 0.44652390480041515, 1.9054331682377793E-9 
576, 0.46279251575469943, 1.9238531576607388E-9 
576, 0.4627662897109988, 1.8623216270069858E-9 
576, 0.47169083356857305, 1.968975857259768E-9 
576, 0.4741458296775822, 1.824375445582648E-9 
576, 0.45811700820922857, 1.9561524482527225E-9 
576, 0.4528551697731014, 1.9053578225338353E-9 
576, 0.4515648484230043, 2.015251490885247E-9 
576, 0.43388336896896373, 1.9094706088920003E-9 
576, 0.457433223724365, 1.914581918243016E-9 
576, 0.43682217597961426, 1.949864086976987E-9 
576, 0.44311469793319697, 1.868349460241577E-9 
576, 0.4564886093139645, 1.87905948932229E-9 
576, 0.463900029659271, 1.9799412392194792E-9 
576, 0.4591125249862671, 1.887300289188147E-9 
576, 0.44701039791107167, 1.82762002789951E-9 
576, 0.46809792518615734, 1.9620693596854733E-9 
600, 0.4293461441993715, 1.7399972002010685E-9 
600, 0.43539035320282016, 1.7066107115079743E-9 
600, 0.4444974064826963, 1.8006229156306485E-9 
600, 0.45176082849502563, 1.7078648072622705E-9 
600, 0.4548958539962772, 1.691215076550598E-9 
600, 0.4354368448257448, 1.6787757482700547E-9 
600, 0.4579160213470459, 1.7213766480172163E-9 
600, 0.43761271238327043, 1.716405010176583E-9 
600, 0.44403839111328103, 1.743181703634901E-9 
600, 0.42888569831848145, 1.719820953641125E-9 
600, 0.4267829656600948, 1.6368201697679488E-9 
600, 0.44177997112274203, 1.704151127100128E-9 
600, 0.4421580433845518, 1.8046161691224433E-9 
600, 0.4368792772293094, 1.7301327589369629E-9 
600, 0.42960357666015636, 1.7272717466659757E-9 
600, 0.4374332427978516, 1.708045531650319E-9 
600, 0.4303302168846132, 1.6381957232822443E-9 
600, 0.4505662918090816, 1.6563675626195842E-9 
600, 0.43707782030105574, 1.643735321086169E-9 
600, 0.4207642674446106, 1.6634272213921435E-9 
648, 0.4083231091499328, 1.9560874323175797E-9 
648, 0.398054480552673, 1.9043913259203678E-9 
648, 0.41196805238723766, 1.8757024130075702E-9 
648, 0.40662944316863997, 1.922279465200212E-9 
648, 0.39829981327056885, 1.9365436398769764E-9 
648, 0.40502083301544145, 1.9998108529073333E-9 
648, 0.39755606651306163, 1.88004576232253E-9 
648, 0.4010779857635495, 1.8627383436797106E-9 
648, 0.39485055208206193, 1.8813221622599935E-9 
648, 0.4181719422340392, 1.889811379660675E-9 
648, 0.4236344099044802, 1.895273358115738E-9 
648, 0.414569914340973, 1.808531010565256E-9 
648, 0.40466803312301663, 1.9418076910214773E-9 
648, 0.411411941051483, 1.9012499720727073E-9 
648, 0.4136354327201841, 1.9246120108547734E-9 
648, 0.40885305404663114, 1.9277605588959025E-9 
648, 0.38808375597000094, 1.8935843593743917E-9 
648, 0.432593107223511, 1.884199238413881E-9 
648, 0.39353573322296126, 1.9008849025162587E-9 
648, 0.39618194103240933, 1.9250163838641656E-9 
720, 0.3642961382865904, 2.1522546007600236E-9 
720, 0.35839885473251365, 2.219713538286182E-9 
720, 0.3777741193771361, 2.1246736007980607E-9 
720, 0.3737720251083375, 2.1285347456459427E-9 
720, 0.37883728742599526, 2.0799449019943073E-9 
720, 0.3602069616317753, 2.1134318233738737E-9 
720, 0.3608409166336064, 2.147266016843653E-9 
720, 0.3724898099899292, 2.1278282893486723E-9 
720, 0.3542152047157289, 2.2433134059722097E-9 
720, 0.36543798446655273, 2.1105678474096213E-9 
720, 0.38261526823043834, 2.132509225390463E-9 
720, 0.37113445997238137, 2.114629280346481E-9 
720, 0.37040084600448603, 2.1016600496468406E-9 
720, 0.359649837017059, 2.162289128047653E-9 
720, 0.3706785440444955, 2.13326608597922E-9 
720, 0.3717895150184631, 2.094047111488682E-9 
720, 0.37387019395828264, 2.2107319332495964E-9 
720, 0.35800927877426164, 2.2322852134862816E-9 
720, 0.3638551235198973, 2.1572553061901852E-9 
720, 0.37595087289810175, 2.1281113343781743E-9 
768, 0.347163915634155, 2.5227969775057566E-9 
768, 0.33902847766876254, 2.6299073073116343E-9 
768, 0.3456227183341982, 2.463630816825641E-9 
768, 0.35049867630004894, 2.6913702788084252E-9 
768, 0.33775913715362593, 2.5544294100875516E-9 
768, 0.3464472293853765, 2.5407671707970705E-9 
768, 0.3396708965301516, 2.5105703942415946E-9 
768, 0.34615582227706926, 2.559016892885992E-9 
768, 0.33841431140899675, 2.595412644725525E-9 
768, 0.33453464508056685, 2.6339000245893443E-9 
768, 0.3361916542053227, 2.5628303554657523E-9 
768, 0.3362602591514588, 2.668123525232694E-9 
768, 0.338145077228546, 2.5699963024975797E-9 
768, 0.3416569828987121, 2.6211186113223313E-9 
768, 0.3404947519302369, 2.5598819187596476E-9 
768, 0.33758920431137057, 2.6007344342981265E-9 
768, 0.33896201848983765, 2.537142472151947E-9 
768, 0.3453341722488405, 2.5054180017011275E-9 
768, 0.34103631973266635, 2.5521292207056068E-9 
768, 0.3479717969894409, 2.5272680241384946E-9 
864, 0.3109943270683286, 2.7775730826631097E-9 
864, 0.30337524414062494, 2.8636471311863958E-9 
864, 0.3019540905952453, 2.7994103304419675E-9 
864, 0.29814529418945307, 2.693334400392941E-9 
864, 0.3082339763641355, 2.8654842699153204E-9 
864, 0.3069084286689759, 2.7335196831314052E-9 
864, 0.31107735633850087, 2.7293833037228804E-9 
864, 0.2999767065048219, 2.798766372750848E-9 
864, 0.30029463768005377, 2.8532929541257547E-9 
864, 0.3065068125724796, 2.71942436820145E-9 
864, 0.3052806854248045, 2.8170184279922706E-9 
864, 0.3084642887115478, 2.8836152847631943E-9 
864, 0.3126505613327029, 2.740146702369923E-9 
864, 0.30706369876861567, 2.7659747706706057E-9 
864, 0.3109183907508852, 2.822845874006217E-9 
864, 0.3056756258010866, 2.7800815414563354E-9 
864, 0.3077920675277708, 2.7634741242153702E-9 
864, 0.2998039722442628, 2.887249302622861E-9 
864, 0.3072746396064759, 2.9039965414116096E-9 
864, 0.3100180029869076, 2.765789817954356E-9 
900, 0.29913896322250355, 2.633418630460869E-9 
900, 0.2917819023132327, 2.712770631678171E-9 
900, 0.29461067914962785, 2.7791818982477735E-9 
900, 0.3006268739700319, 2.6355264300226154E-9 
900, 0.29851883649826033, 2.6667301245727695E-9 
900, 0.3007491230964661, 2.6466376786713906E-9 
900, 0.2962794303894044, 2.6698580637487674E-9 
900, 0.3021311759948733, 2.680497568024021E-9 
900, 0.29140144586563127, 2.723669670170261E-9 
900, 0.2934386134147646, 2.667815665204704E-9 
900, 0.29151892662048345, 2.681199449236099E-9 
900, 0.30262684822082564, 2.5876620513393518E-9 
900, 0.2970498204231259, 2.6789492138242286E-9 
900, 0.297889173030853, 2.714545209306519E-9 
900, 0.30361056327819763, 2.557331747334558E-9 
900, 0.3002455234527584, 2.6678632165836558E-9 
900, 0.29115509986877414, 2.7126763435996762E-9 
900, 0.29906797409057606, 2.7124547193865968E-9 
900, 0.29193192720413186, 2.798917015146237E-9 
900, 0.2991862893104559, 2.6508496973307698E-9 
960, 0.26880401372909524, 3.032044604290546E-9 
960, 0.27898275852203347, 3.1147750529238874E-9 
960, 0.26766163110733054, 3.0999953996792068E-9 
960, 0.2684391736984247, 3.0070750073661893E-9 
960, 0.27339512109756436, 3.015231628272023E-9 
960, 0.28111839294433616, 3.071099799424509E-9 
960, 0.27105242013931236, 3.0030241967093915E-9 
960, 0.27002120018005377, 3.1597252178814486E-9 
960, 0.2749175429344179, 3.1103217656141526E-9 
960, 0.2746579647064205, 3.098307866363508E-9 
960, 0.2761736512184144, 3.180115903209481E-9 
960, 0.2710980176925661, 3.1028663802305245E-9 
960, 0.2765956521034239, 3.125929329156701E-9 
960, 0.273193657398224, 3.1121105837086846E-9 
960, 0.2795613408088681, 2.961977577090583E-9 
960, 0.28124165534973145, 3.143833376223543E-9 
960, 0.2705047130584714, 3.15956293602933E-9 
960, 0.28387856483459484, 3.129848434877329E-9 
960, 0.28178304433822626, 3.1319346730874064E-9 
960, 0.2669640779495236, 3.000309160486106E-9 
972, 0.27469646930694575, 3.1234951497821143E-9 
972, 0.2714410424232483, 3.2537902057634155E-9 
972, 0.2580754160881042, 3.231881830232979E-9 
972, 0.26867890357971197, 3.1475969003508383E-9 
972, 0.2677674293518066, 3.060224512265312E-9 
972, 0.2734739780426028, 3.128979882872056E-9 
972, 0.264797031879425, 3.14557818473784E-9 
972, 0.2720659375190734, 3.151344685131487E-9 
972, 0.2678104639053348, 3.0670432962129802E-9 
972, 0.27437794208526606, 3.091931663729591E-9 
972, 0.27171158790588396, 3.056849342975744E-9 
972, 0.2738221287727356, 3.167163545281333E-9 
972, 0.2718864083290102, 3.1746711234723055E-9 
972, 0.2697522640228275, 3.1317916310000705E-9 
972, 0.27337616682052607, 3.1233010304474935E-9 
972, 0.27546769380569464, 3.2241104367639295E-9 
972, 0.2690757513046261, 3.116719305547378E-9 
972, 0.26752448081970226, 3.1923808670875525E-9 
972, 0.2624676227569579, 3.0889488118873727E-9 
972, 0.2760608196258551, 3.1049533503489407E-9 
1080, 0.24390226602554313, 3.4244168251921796E-9 
1080, 0.24589920043945324, 3.392206035458163E-9 
1080, 0.24383139610290536, 3.3222129097138553E-9 
1080, 0.24486666917800948, 3.328785061490811E-9 
1080, 0.2501114606857301, 3.3513139934105147E-9 
1080, 0.24355614185333244, 3.33587377474201E-9 
1080, 0.24275803565979018, 3.2530927038031457E-9 
1080, 0.2433545589447022, 3.3055995648057365E-9 
1080, 0.2430281043052675, 3.373473322613934E-9 
1080, 0.2514787316322325, 3.4310780842559917E-9 
1080, 0.24547547101974498, 3.317291865536399E-9 
1080, 0.24663805961608878, 3.274762030752535E-9 
1080, 0.24941515922546403, 3.2935308400082676E-9 
1080, 0.24833768606185913, 3.3658508519173134E-9 
1080, 0.24976813793182326, 3.280736965725439E-9 
1080, 0.2500203847885127, 3.321815157459583E-9 
1080, 0.24805498123168948, 3.3332851004946675E-9 
1080, 0.24492257833480843, 3.3286102341810904E-9 
1080, 0.24414718151092524, 3.4118904444682615E-9 
1080, 0.24591910839080827, 3.387835342100796E-9 
1152, 0.23462772369384793, 3.725156224074172E-9 
1152, 0.22772061824798598, 3.6091528663382396E-9 
1152, 0.23267406225204498, 3.526398963115701E-9 
1152, 0.2291922569274903, 3.5798138559928535E-9 
1152, 0.2276824116706846, 3.7024834692039906E-9 
1152, 0.22987258434295652, 3.600837228433655E-9 
1152, 0.23055464029312123, 3.727282496043406E-9 
1152, 0.2265734672546389, 3.5274982302351553E-9 
1152, 0.22880607843399067, 3.602388291331167E-9 
1152, 0.22717916965484614, 3.640274691265049E-9 
1152, 0.22111403942108163, 3.6350790148683204E-9 
1152, 0.22940796613693237, 3.6408496284281522E-9 
1152, 0.23227971792221072, 3.519466986447543E-9 
1152, 0.22486579418182426, 3.6905705572082663E-9 
1152, 0.22465205192565935, 3.6520137447404036E-9 
1152, 0.22630006074905373, 3.637326181237483E-9 
1152, 0.22597461938858046, 3.61765225918014E-9 
1152, 0.22953671216964752, 3.729227446755695E-9 
1152, 0.22943270206451438, 3.721061227170088E-9 
1152, 0.23258888721466045, 3.6862288689108886E-9 
1200, 0.22417366504669153, 3.5100031343282848E-9 
1200, 0.2218974828720093, 3.650389110226947E-9 
1200, 0.22410207986831682, 3.5847359698075004E-9 
1200, 0.22530847787857064, 3.512805418766247E-9 
1200, 0.2206686139106749, 3.472708090955631E-9 
1200, 0.22066736221313465, 3.5610342088812113E-9 
1200, 0.22089254856109608, 3.593525720858087E-9 
1200, 0.22781318426132205, 3.714711468763787E-9 
1200, 0.22208195924758886, 3.5251269898638294E-9 
1200, 0.22883307933807417, 3.4753664561570373E-9 
1200, 0.22454935312271135, 3.598497356327072E-9 
1200, 0.21698999404907202, 3.604594105543066E-9 
1200, 0.22267442941665688, 3.5608988350279734E-9 
1200, 0.22027736902236947, 3.474286090407762E-9 
1200, 0.22268635034561143, 3.6146103281292212E-9 
1200, 0.2114529013633728, 3.457550863771905E-9 
1200, 0.2277405261993408, 3.566314482917242E-9 
1200, 0.2276034951210019, 3.517071136830983E-9 
1200, 0.22614079713821403, 3.4369711479942648E-9 
1200, 0.2238146066665646, 3.587157754928851E-9 
1296, 0.2047873735427855, 4.001385422507018E-9 
1296, 0.20937025547027585, 4.133531605157087E-9 
1296, 0.20619761943817153, 4.156718573728569E-9 
1296, 0.2052100300788881, 4.019210460292356E-9 
1296, 0.20190131664276137, 4.089561902239499E-9 
1296, 0.20763331651687614, 4.088355773818904E-9 
1296, 0.2093673944473265, 4.155971684010457E-9 
1296, 0.20982158184051508, 4.045458363937152E-9 
1296, 0.20547616481781011, 4.094420025994104E-9 
1296, 0.20547568798065174, 4.149128550760228E-9 
1296, 0.20216715335845967, 4.048912018712285E-9 
1296, 0.20743209123611447, 4.192296874222383E-9 
1296, 0.203998625278473, 3.94172009961441E-9 
1296, 0.2081455588340758, 4.0985577646332515E-9 
1296, 0.21125417947769148, 3.935598997975163E-9 
1296, 0.2073411941528321, 4.019281585504611E-9 
1296, 0.20456594228744507, 4.0857609163260845E-9 
1296, 0.20710545778274583, 4.185905062469151E-9 
1296, 0.20608067512512224, 4.012282558295002E-9 
1296, 0.20819401741027824, 4.103385309616839E-9 
64, 3.9449574947357164, 1.6400866150836414E-10 
64, 4.585725188255307, 1.5704438504893792E-10 
64, 4.833134293556212, 1.6206397730284333E-10 
64, 4.030216932296753, 1.645319686870821E-10 
64, 4.295902252197266, 1.5831444440762098E-10 
64, 3.969072103500366, 1.4617477546824435E-10 
64, 3.89085465669632, 1.3486356009606886E-10 
64, 4.750844597816468, 1.7300928938629492E-10 
64, 4.236566185951233, 1.4587419438546894E-10 
64, 3.761858761310577, 1.5396747493493982E-10 
64, 4.140140473842619, 1.6407766934011768E-10 
64, 3.990142166614534, 1.5337713930523422E-10 
64, 4.0966501235961905, 1.4739644948923464E-10 
64, 4.204848647117613, 1.4886762753015955E-10 
64, 4.173736274242401, 1.4430423017631376E-10 
64, 4.217253506183625, 1.7927888160013488E-10 
64, 4.019105017185211, 1.926716777837528E-10 
64, 4.001902461051941, 1.598594274786545E-10 
64, 3.9550175070762625, 1.5936456930209318E-10 
64, 4.654780685901642, 1.663677152778866E-10 
128, 2.0190830230712886, 4.075838825468034E-10 
128, 2.0775324106216426, 3.9259360312738186E-10 
128, 1.951218605041503, 4.163631597147241E-10 
128, 2.058421194553375, 3.950041345250709E-10 
128, 1.9281134009361272, 3.9996782385517763E-10 
128, 2.0968907475471488, 3.968497693133367E-10 
128, 2.0748453140258785, 4.260101676985811E-10 
128, 2.079319715499878, 4.177480128387224E-10 
128, 1.924339652061462, 3.840829867243172E-10 
128, 2.0713355541229244, 3.6664592472681555E-10 
128, 2.214317202568055, 3.9762017982768524E-10 
128, 2.2510398626327515, 3.8539614095153564E-10 
128, 2.091955244541168, 4.349483938944142E-10 
128, 2.149546682834625, 4.082886637577927E-10 
128, 2.0264521241188054, 4.1832493444968183E-10 
128, 2.1120460629463196, 3.7009140440923667E-10 
128, 1.9457347989082336, 4.403113211479763E-10 
128, 1.9279758930206297, 4.3836536193198317E-10 
128, 2.0732422471046448, 4.1070318027526274E-10 
128, 2.100514471530914, 4.0577888942370646E-10 
256, 1.0486338138580316, 7.580641602504902E-10 
256, 0.9828833937644964, 7.122677915424228E-10 
256, 1.0358482003211982, 6.899924778477952E-10 
256, 1.077639937400819, 7.788845198948859E-10 
256, 0.9977635145187381, 6.904949379258309E-10 
256, 0.998231828212738, 7.162558179736534E-10 
256, 0.9975597262382515, 7.261336612049915E-10 
256, 0.9728823900222784, 7.694068266942842E-10 
256, 1.0784089565277108, 8.419000422990989E-10 
256, 1.0345600843429565, 7.171775035712763E-10 
256, 1.0427120923995958, 7.640112287402418E-10 
256, 1.0244095325469973, 7.098047978238336E-10 
256, 1.0123286843299868, 7.42870947672098E-10 
256, 1.0100697278976447, 7.463143038696934E-10 
256, 1.0360972881317139, 7.427512255950439E-10 
256, 0.9801896214485162, 7.497932938412323E-10 
256, 1.014849185943604, 7.073276373112782E-10 
256, 1.012723445892334, 7.0902150914487E-10 
256, 0.9716970324516297, 7.225956259904E-10 
256, 1.0842378735542313, 7.378847624117566E-10 
512, 0.5088324546813967, 1.8253966928013998E-9 
512, 0.5004996657371522, 1.8201269945750698E-9 
512, 0.5091830492019652, 1.7476121161315344E-9 
512, 0.5010533332824703, 1.8389313128524693E-9 
512, 0.5254611968994138, 1.8752294768082518E-9 
512, 0.4999153017997745, 1.7832878430416139E-9 
512, 0.5066050887107849, 1.8373537021940422E-9 
512, 0.5217784047126771, 1.8409515157809724E-9 
512, 0.5104953050613403, 1.8113225435202717E-9 
512, 0.5236968398094174, 1.742720675437924E-9 
512, 0.5101094841957088, 1.8431665954735479E-9 
512, 0.5208635926246641, 1.767626973249466E-9 
512, 0.5105840563774107, 1.8268960336107055E-9 
512, 0.5328229665756222, 1.773693706082741E-9 
512, 0.5123117566108698, 1.7908750781225011E-9 
512, 0.5224896669387817, 1.8244122897296873E-9 
512, 0.5229485034942626, 1.7508274966938539E-9 
512, 0.5228247046470637, 1.7669423280404668E-9 
512, 0.5059794783592223, 1.7140103492569292E-9 
512, 0.5157330632209773, 1.8479129540719213E-9 
1024, 0.2613272666931149, 3.073846867572191E-9 
1024, 0.2574697732925417, 3.0594090327308552E-9 
1024, 0.2600875496864319, 3.0896971667726215E-9 
1024, 0.2612045407295227, 3.1010937935317277E-9 
1024, 0.26301896572113076, 3.0786578689928257E-9 
1024, 0.25325846672058117, 3.0800220528719278E-9 
1024, 0.2686599493026737, 3.183217469555435E-9 
1024, 0.2547800540924072, 3.151565155199868E-9 
1024, 0.2638180255889893, 3.12240197932251E-9 
1024, 0.25955557823181136, 3.178881894999003E-9 
1024, 0.2601641416549682, 3.0826343871000392E-9 
1024, 0.2625151872634891, 3.0530662064236742E-9 
1024, 0.24964642524719263, 3.057956220813932E-9 
1024, 0.2581530213356016, 3.164888903191357E-9 
1024, 0.2611590623855593, 2.9749844602267207E-9 
1024, 0.2578995823860171, 3.117075403558792E-9 
1024, 0.25264763832092324, 3.089917841458754E-9 
1024, 0.2539352774620056, 3.124237038601215E-9 
1024, 0.25194531679153453, 3.1184261798951767E-9 
1024, 0.2608994841575623, 3.140897801975526E-9 
2048, 0.13062173128128043, 6.485381508321068E-9 
2048, 0.1312178969383242, 6.513614966696325E-9 
2048, 0.12810945510864255, 6.549058714973349E-9 
2048, 0.12914252281188965, 6.491544593911393E-9 
2048, 0.1268489956855775, 6.63512674530762E-9 
2048, 0.1288352608680724, 6.5340852360807984E-9 
2048, 0.13007271289825434, 6.612782518190433E-9 
2048, 0.1271923780441283, 6.5996886877208285E-9 
2048, 0.12807846069335932, 6.5808906493330685E-9 
2048, 0.12948328256607053, 6.601464827291477E-9 
2048, 0.12983888387680037, 6.48917217957279E-9 
2048, 0.13042151927947976, 6.665341354616411E-9 
2048, 0.12713736295700073, 6.40319541614073E-9 
2048, 0.13210541009902943, 6.420080896362524E-9 
2048, 0.13044404983520516, 6.651131351490584E-9 
2048, 0.1306373476982115, 6.596460744615721E-9 
2048, 0.1291347146034241, 6.57649418542765E-9 
2048, 0.1266958713531499, 6.725984006054374E-9 
2048, 0.12986677885055545, 6.672138185251848E-9 
2048, 0.13134193420410162, 6.536343802076826E-9 
1536, 0.175798833370209, 5.214161011088111E-9 
1536, 0.17274755239486697, 4.949483003468111E-9 
1536, 0.17672789096832256, 5.046326828800903E-9 
1536, 0.17305612564086945, 5.035874740083386E-9 
1536, 0.17693006992340088, 4.939712373050889E-9 
1536, 0.17380702495574973, 5.166877586473135E-9 
1536, 0.17404389381408705, 5.1759621106055794E-9 
1536, 0.17051172256469743, 4.975727105144111E-9 
1536, 0.17385429143905667, 5.0713008160595035E-9 
1536, 0.17189109325408924, 5.029386125455141E-9 
1536, 0.17515820264816312, 5.046302897314652E-9 
1536, 0.16924846172332772, 5.2193744418564595E-9 
1536, 0.17247980833053594, 5.120925271319326E-9 
1536, 0.17797946929931668, 5.018532865222285E-9 
1536, 0.17244368791580217, 5.0528583035254935E-9 
1536, 0.17107099294662464, 5.036121387384458E-9 
1536, 0.17379593849182134, 5.056579353972512E-9 
1536, 0.17669475078582786, 5.057786989737998E-9 
1536, 0.17327374219894412, 5.069648812080112E-9 
1536, 0.17771297693252538, 5.0791640560185385E-9 
12, 18.75469142198563, 5.5787448237088674E-11 
